{
  "author": "AngularUI Team",
  "name": "angular-ui-uploader",
  "homepage": "https://github.com/angular-ui/ui-uploader",
  "main": "./dist/uploader.js",
  "license": "MIT",
  "dependencies": {
    "angular": ">= 1.0.5"
  },
  "devDependencies": {
    "angular-mocks": ">=1.0.5",
    "jquery": ">=1.6"
  },
  "version": "1.2.1",
  "_release": "1.2.1",
  "_resolution": {
    "type": "version",
    "tag": "1.2.1",
    "commit": "9bc2d5fd4609a2c7a8c45c1e51910ff098948a45"
  },
  "_source": "https://github.com/angular-ui/ui-uploader.git",
  "_target": "*",
  "_originalSource": "angular-ui-uploader"
}