{
  "author": "AngularUI Team",
  "name": "angular-ui-event",
  "homepage": "https://github.com/angular-ui/ui-event",
  "main": "./dist/event.js",
  "license": "MIT",
  "dependencies": {
    "angular": ">= 1.0.5"
  },
  "devDependencies": {
    "angular-mocks": ">=1.0.5",
    "jquery": ">=1.6"
  },
  "version": "1.0.0",
  "_release": "1.0.0",
  "_resolution": {
    "type": "version",
    "tag": "v1.0.0",
    "commit": "58e1b06e888ca3704ddade6d84fcce63405b5a9c"
  },
  "_source": "https://github.com/angular-ui/ui-event.git",
  "_target": "^1.0.0",
  "_originalSource": "angular-ui-event"
}