{
  "author": "AngularUI Team",
  "name": "angular-ui-scrollpoint",
  "homepage": "https://github.com/angular-ui/ui-scrollpoint",
  "main": "./dist/scrollpoint.js",
  "license": "MIT",
  "dependencies": {
    "angular": ">= 1.0.5"
  },
  "devDependencies": {
    "angular-mocks": ">=1.0.5",
    "jquery": ">=1.6"
  },
  "version": "2.1.1",
  "_release": "2.1.1",
  "_resolution": {
    "type": "version",
    "tag": "2.1.1",
    "commit": "7ee00c86c155146a7d3cb25d49a189d867699189"
  },
  "_source": "https://github.com/angular-ui/ui-scrollpoint.git",
  "_target": "*",
  "_originalSource": "angular-ui-scrollpoint"
}